{
  "chars": {
    "0": 0.0431830874220257,
    "1": 0.07859623590081571,
    "2": 0.11008893678720846,
    "3": 0.13423511352413553,
    "4": 0.15386920378196411,
    "5": 0.17345708028576393,
    "6": 0.18672625206117952,
    "7": 0.19970023381517737,
    "8": 0.21205659308127353,
    "9": 0.22415697265284037,
    "10": 0.2357753480002946,
    "11": 0.2471975564670373,
    "12": 0.25728687977250314,
    "13": 0.2660431494798368,
    "14": 0.2744250372484807,
    "15": 0.28249740013281327,
    "16": 0.2905072640787413,
    "17": 0.2981227907511783,
    "18": 0.30514130628774067,
    "19": 0.3118814222978269,
    "20": 0.31821760013367145,
    "21": 0.3245110038733739,
    "22": 0.33076934615188625,
    "23": 0.3364357569954751,
    "24": 0.3420400678300535,
    "25": 0.34729876396780346,
    "26": 0.3523892626079152,
    "27": 0.3573244092768778,
    "28": 0.36216027571730247,
    "29": 0.36673429376855615,
    "30": 0.3712941985843573,
    "31": 0.375783687929556,
    "32": 0.38025627153354374,
    "33": 0.38465817371399963,
    "34": 0.3889967436368722,
    "35": 0.3932713873406192,
    "36": 0.3974687805834787,
    "37": 0.4016608724979458,
    "38": 0.405845774818222,
    "39": 0.4098842966461668,
    "40": 0.41382800625478733,
    "41": 0.41771372925970507,
    "42": 0.4215006596164554,
    "43": 0.42517914323370176,
    "44": 0.42880286714278854,
    "45": 0.4323365039295963,
    "46": 0.4358412050376874,
    "47": 0.43932673093957014,
    "48": 0.44272307395913374,
    "49": 0.4460649498187601,
    "50": 0.4493567644719793,
    "51": 0.45245353811188804,
    "52": 0.45537971181269643,
    "53": 0.45829339459092155,
    "54": 0.4611725478138154,
    "55": 0.4639914183727162,
    "56": 0.4667708392470921,
    "57": 0.46954845164154824,
    "58": 0.4722717830431177,
    "59": 0.474925842571681,
    "60": 0.47754494702022604,
    "61": 0.4801526243579053,
    "62": 0.4826566243786142,
    "63": 0.4851580889813963,
    "64": 0.48765086578848527,
    "65": 0.4901377295754443,
    "66": 0.49260058667797796,
    "67": 0.49505199893945057,
    "68": 0.49749685989376274,
    "69": 0.4998903830676067,
    "70": 0.50222802066589,
    "71": 0.5045045688762945,
    "72": 0.5067610110452377,
    "73": 0.508940415515637,
    "74": 0.5111152101352603,
    "75": 0.5132760067657005,
    "76": 0.5154339399696011,
    "77": 0.5175912703468617,
    "78": 0.5196930608873699,
    "79": 0.5217830253876182,
    "80": 0.5238567667591744,
    "81": 0.5259126006334855,
    "82": 0.5279662625588735,
    "83": 0.5299859179696912,
    "84": 0.5319892527357425,
    "85": 0.5339750168782593,
    "86": 0.5359001437528773,
    "87": 0.5378186838599442,
    "88": 0.539715965462856,
    "89": 0.5415141973297687,
    "90": 0.5433097873975827,
    "91": 0.5450816367339008,
    "92": 0.5468405518927532,
    "93": 0.5485924636244652,
    "94": 0.5503396325289367,
    "95": 0.5520789558219914,
    "96": 0.5538099813836495,
    "97": 0.5555282146094043,
    "98": 0.5572457297622497,
    "99": 0.5589464278248607,
    "100": 0.5606326225877227,
    "110": 0.5768928251183252,
    "120": 0.5919472857180903,
    "130": 0.6060823027154965,
    "140": 0.6190208949996914,
    "150": 0.6307616441550514,
    "160": 0.6416463706166127,
    "170": 0.6520270719515086,
    "180": 0.6619773905258844,
    "190": 0.6714564316442994,
    "200": 0.6806382526339357,
    "210": 0.6894303284706617,
    "220": 0.6977725094669491,
    "230": 0.7054852508001727,
    "240": 0.7129376242155321,
    "250": 0.7200855967730195,
    "260": 0.726834666531728,
    "270": 0.7332088933666694,
    "280": 0.7392694198563081,
    "290": 0.7451515805813085,
    "300": 0.7507960325780282,
    "310": 0.7562664272475654,
    "320": 0.7615642450612274,
    "330": 0.7666810287158597,
    "340": 0.7716261308894788,
    "350": 0.7764301893595494,
    "360": 0.7810873177012347,
    "370": 0.7855775517146357,
    "380": 0.7898980634336032,
    "390": 0.7941121319251347,
    "400": 0.7982113087511739,
    "410": 0.8022109128004529,
    "420": 0.8061381510576471,
    "430": 0.8099438399610163,
    "440": 0.8136137155684483,
    "450": 0.8171816780133414,
    "460": 0.820634544895496,
    "470": 0.82398644718056,
    "480": 0.8272422695373362,
    "490": 0.8304267189929643,
    "500": 0.8335110726310712,
    "510": 0.836540072599476,
    "520": 0.8395033290037379,
    "530": 0.8423990156337416,
    "540": 0.8452374425980496,
    "550": 0.8480076437708736,
    "560": 0.8507217643359888,
    "570": 0.8533670296876873,
    "580": 0.8559449468925688,
    "590": 0.8584748418635018,
    "600": 0.8609747550741957,
    "610": 0.8634285343167399,
    "620": 0.8658345484131672,
    "630": 0.8681833826297775,
    "640": 0.8704893718294645,
    "650": 0.8727523387102754,
    "660": 0.8749666007446187,
    "670": 0.8771278228997461,
    "680": 0.8792438685172691,
    "690": 0.8812996226057014,
    "700": 0.8833013971145671,
    "710": 0.8852743689211808,
    "720": 0.8872099300157281,
    "730": 0.8891255535056696,
    "740": 0.8910218954082307,
    "750": 0.8928829896825513,
    "760": 0.894693934099488,
    "770": 0.8964758364565365,
    "780": 0.8982272694729758,
    "790": 0.899948924626422,
    "800": 0.9016259440132204,
    "810": 0.9032733717040763,
    "820": 0.9048902857288346,
    "830": 0.9064737340099789,
    "840": 0.9080130429699436,
    "850": 0.9095081505530451,
    "860": 0.9109625407426586,
    "870": 0.912398269901727,
    "880": 0.9138092388430701,
    "890": 0.9152085147206181,
    "900": 0.9165871260555533,
    "910": 0.9179456313490271,
    "920": 0.9192762559104042,
    "930": 0.9205743366983227,
    "940": 0.9218492973115803,
    "950": 0.9230978133385598,
    "960": 0.9243281381851697,
    "970": 0.9255367790029374,
    "980": 0.9267301807178515,
    "990": 0.9278965882104335,
    "1000": 0.9290471980990103,
    "1100": 0.9395123306238867,
    "1200": 0.9483149913872023,
    "1300": 0.9555417746627627,
    "1400": 0.961794301437219,
    "1500": 0.9671840325832748,
    "1600": 0.9717459497762416,
    "1700": 0.9756984446966291,
    "1800": 0.9790793979066797,
    "1900": 0.9819975752894113,
    "2000": 0.9845358655078151,
    "2100": 0.9867019014109646,
    "2200": 0.9885549107162322,
    "2300": 0.9901457968143017,
    "2400": 0.9915348600993614,
    "2500": 0.992726089865352,
    "2600": 0.9937374556652029,
    "2700": 0.9946096394320102,
    "2800": 0.995354795214648,
    "2900": 0.9959952098685974,
    "3000": 0.9965407591126366,
    "3100": 0.9970050154112615,
    "3200": 0.9974061433495489,
    "3300": 0.9977508272111244,
    "3400": 0.998051557918571,
    "3500": 0.998315445280201,
    "3600": 0.9985453881829437,
    "3700": 0.9987407040142816,
    "3800": 0.9989113128184796,
    "3900": 0.999057613524932,
    "4000": 0.9991840032220726,
    "4100": 0.9992983718468037,
    "4200": 0.999398290362372,
    "4300": 0.9994841222377814,
    "4400": 0.999557285888654,
    "4500": 0.9996197050411795,
    "4600": 0.9996741633360196,
    "4700": 0.9997208558053206,
    "4800": 0.9997602522992592,
    "4900": 0.9997941790279524,
    "5000": 0.9998236377474299,
    "5100": 0.9998498341109704,
    "5200": 0.9998721741570412,
    "5300": 0.9998911986565887,
    "5400": 0.999907652277816,
    "5500": 0.9999217123226851,
    "5600": 0.9999339816178299,
    "5700": 0.9999443183216856,
    "5800": 0.9999531390938422,
    "5900": 0.9999606212362527,
    "6000": 0.999966897725382,
    "6100": 0.9999722167839645,
    "6200": 0.9999768443649385,
    "6300": 0.999980877984372,
    "6400": 0.9999844240234343,
    "6500": 0.9999871367433171,
    "6600": 0.9999897962726139,
    "6700": 0.9999916313478286,
    "6800": 0.9999934043673598,
    "6900": 0.999995177386891,
    "7000": 0.9999962323335121,
    "7100": 0.9999971188432777,
    "7200": 0.9999980053530433,
    "7300": 0.9999988918628089,
    "7400": 0.9999997783725745,
    "11006": 1.0
  }
}